<?xml version="1.0" encoding="utf-8" standalone="yes"?>
<rss version="2.0" xmlns:atom="http://www.w3.org/2005/Atom">
  <channel>
    <title>Winpmem Documentation on WinPmem memory imager</title>
    <link>https://winpmem.velocidex.com/docs/</link>
    <description>Recent content in Winpmem Documentation on WinPmem memory imager</description>
    <generator>Hugo -- gohugo.io</generator>
    <language>en-us</language><atom:link href="https://winpmem.velocidex.com/docs/index.xml" rel="self" type="application/rss+xml" />
  </channel>
</rss>
